{
  "project_info": {
    "project_number": "204326010561",
    "firebase_url": "https://lodha-honda-72892.firebaseio.com",
    "project_id": "lodha-honda-72892",
    "storage_bucket": "lodha-honda-72892.appspot.com"
  },
  "client": [
    {
      "client_info": {
        "mobilesdk_app_id": "1:204326010561:android:869fd4238f1f9369",
        "android_client_info": {
          "package_name": "com.lodhahonda.lodhahonda"
        }
      },
      "oauth_client": [
        {
          "client_id": "204326010561-drgfp3ocjssmr6n6v6uhbnvf5qiv5d63.apps.googleusercontent.com",
          "client_type": 1,
          "android_info": {
            "package_name": "com.lodhahonda.lodhahonda",
            "certificate_hash": "591e46d088f2079857fc8648cca74dfb9355dfdd"
          }
        },
        {
          "client_id": "204326010561-gak2paslamlvf2og8cprvtv3kl3725e3.apps.googleusercontent.com",
          "client_type": 3
        }
      ],
      "api_key": [
        {
          "current_key": "AIzaSyALeMdYO7cXllUr0GrBoXhBInzCF4F3ja8"
        }
      ],
      "services": {
        "analytics_service": {
          "status": 1
        },
        "appinvite_service": {
          "status": 2,
          "other_platform_oauth_client": [
            {
              "client_id": "204326010561-gak2paslamlvf2og8cprvtv3kl3725e3.apps.googleusercontent.com",
              "client_type": 3
            }
          ]
        },
        "ads_service": {
          "status": 2
        }
      }
    }
  ],
  "configuration_version": "1"
}